{
  "files": [
    {
      "filepath": "/Users/luca/personal/next-yak/packages/benchmarks/build-performance/build.bench.ts",
      "groups": [
        {
          "fullName": "build-performance/build.bench.ts > small project",
          "benchmarks": [
            {
              "id": "-752556805_0_0",
              "name": "baseline",
              "rank": 2,
              "rme": 0,
              "samples": [],
              "totalTime": 7367.129,
              "min": 7367.129,
              "max": 7367.129,
              "hz": 0.13573808738790918,
              "period": 7367.129,
              "mean": 7367.129,
              "variance": 0,
              "sd": 0,
              "sem": 0,
              "df": 0,
              "critical": 12.71,
              "moe": 0,
              "p75": 7367.129,
              "p99": 7367.129,
              "p995": 7367.129,
              "p999": 7367.129,
              "sampleCount": 1,
              "median": 7367.129
            },
            {
              "id": "-752556805_0_1",
              "name": "with-yak",
              "rank": 1,
              "rme": 0,
              "samples": [],
              "totalTime": 6704.163375,
              "min": 6704.163375,
              "max": 6704.163375,
              "hz": 0.14916104278261266,
              "period": 6704.163375,
              "mean": 6704.163375,
              "variance": 0,
              "sd": 0,
              "sem": 0,
              "df": 0,
              "critical": 12.71,
              "moe": 0,
              "p75": 6704.163375,
              "p99": 6704.163375,
              "p995": 6704.163375,
              "p999": 6704.163375,
              "sampleCount": 1,
              "median": 6704.163375
            }
          ]
        },
        {
          "fullName": "build-performance/build.bench.ts > medium project",
          "benchmarks": [
            {
              "id": "-752556805_1_0",
              "name": "baseline",
              "rank": 1,
              "rme": 0,
              "samples": [],
              "totalTime": 8242.057166999999,
              "min": 8242.057166999999,
              "max": 8242.057166999999,
              "hz": 0.12132893278195823,
              "period": 8242.057166999999,
              "mean": 8242.057166999999,
              "variance": 0,
              "sd": 0,
              "sem": 0,
              "df": 0,
              "critical": 12.71,
              "moe": 0,
              "p75": 8242.057166999999,
              "p99": 8242.057166999999,
              "p995": 8242.057166999999,
              "p999": 8242.057166999999,
              "sampleCount": 1,
              "median": 8242.057166999999
            },
            {
              "id": "-752556805_1_1",
              "name": "with-yak",
              "rank": 2,
              "rme": 0,
              "samples": [],
              "totalTime": 8749.768333,
              "min": 8749.768333,
              "max": 8749.768333,
              "hz": 0.1142887402205235,
              "period": 8749.768333,
              "mean": 8749.768333,
              "variance": 0,
              "sd": 0,
              "sem": 0,
              "df": 0,
              "critical": 12.71,
              "moe": 0,
              "p75": 8749.768333,
              "p99": 8749.768333,
              "p995": 8749.768333,
              "p999": 8749.768333,
              "sampleCount": 1,
              "median": 8749.768333
            }
          ]
        }
      ]
    }
  ]
}